date,continent,people_fully_vaccinated,people_fully_vaccinated_per_million,people_vaccinated,daily_vaccinations,daily_vaccinated_per_million,people_vaccinated_per_million
2020-12-13,Europe,0.0,0.0,172930.0,0.0,0.0,2538.0
2020-12-14,Europe,0.0,0.0,341165.0,168234.0,2468.77614656906,5006.0
2020-12-14,North America,0.0,0.0,0.0,0.0,0.0,0.0
2020-12-15,Asia,0.0,0.0,0.0,14491.9375,10.0685736883151,0.0
2020-12-15,Europe,0.0,0.0,537899.0,172487.0,2497.91028590764,7670.0
2020-12-15,North America,0.0,0.0,0.0,718.0,18.9037678684706,0.0
2020-12-16,Asia,0.0,0.0,0.0,187500.0,130.26950789424,0.0
2020-12-16,Europe,0.0,0.0,709491.0,171591.0,2491.77245641143,10162.0
2020-12-16,North America,0.0,0.0,0.0,1509.0,39.7295065647941,0.0
2020-12-17,Asia,0.0,0.0,0.0,187500.0,130.26950789424,0.0
2020-12-17,Europe,0.0,0.0,881083.0,171591.0,2491.77245641143,12654.0
2020-12-17,North America,0.0,0.0,0.0,2399.0,63.1617536440962,0.0
2020-12-18,Asia,0.0,0.0,0.0,187500.0,130.26950789424,0.0
2020-12-18,Europe,0.0,0.0,1052674.0,171591.0,2491.77245641143,15146.0
2020-12-18,North America,0.0,0.0,0.0,2792.0,73.5088020734959,0.0
2020-12-19,Asia,0.0,0.0,61.0,232227.745762712,4993.25489457835,7.0
2020-12-19,Europe,0.0,0.0,1224266.0,171591.0,2491.77245641143,17638.0
2020-12-19,North America,0.0,0.0,0.0,2378.0,62.6088579264947,0.0
2020-12-20,Asia,0.0,0.0,7400.0,194839.0,928.195921226429,805.0
2020-12-20,Europe,0.0,0.0,1395858.0,171591.0,2491.77245641143,20129.0
2020-12-20,North America,0.0,0.0,556208.0,69867.0,259.668134760453,1673.0
2020-12-21,Asia,0.0,0.0,32184.0,203562.0,1876.59653486544,3499.0
2020-12-21,Europe,0.0,0.0,1493440.0,161019.0,2336.63198883931,21535.0
2020-12-21,North America,0.0,0.0,614117.0,60889.0,252.66793685073,1847.0
2020-12-22,Asia,0.0,0.0,76716.0,216162.833333333,4016.31212646219,8341.0
2020-12-22,Europe,0.0,0.0,1591022.0,150445.0,2181.46217195437,22941.0
2020-12-22,North America,0.0,0.0,811071.0,131129.0,480.693526612249,2440.0
2020-12-23,Asia,0.0,0.0,178215.0,223648.0,4394.70193972798,37484.0
2020-12-23,Europe,0.0,0.0,1753247.0,149108.0,2089.58381978121,24789.0
2020-12-23,North America,0.0,0.0,1008025.0,155187.0,573.682850796592,3032.0
2020-12-24,Asia,0.0,0.0,262561.0,242443.0,11599.2137056933,51815.0
2020-12-24,Europe,0.0,0.0,1915471.0,147770.0,1997.69079295165,26638.0
2020-12-24,North America,0.0,0.0,1323136.0,382707.010989011,33416.7665770599,3994.0
2020-12-24,South America,0.0,0.0,420.0,126819.0,6593.11454438916,22.0
2020-12-25,Asia,0.0,0.0,301464.0,236450.0,8476.7801080826,56264.0
2020-12-25,Europe,0.0,0.0,2077696.0,146431.0,1905.79091586594,28486.0
2020-12-25,North America,0.0,0.0,1636622.0,221667.0,833.036719204272,4943.0
2020-12-25,South America,0.0,0.0,5198.0,4778.0,248.400486465683,270.0
2020-12-26,Asia,0.0,0.0,335029.0,233535.0,7420.03489293804,60384.0
2020-12-26,Europe,0.0,0.0,2239921.0,145093.0,1813.89788903637,30335.0
2020-12-26,North America,0.0,0.0,1950109.0,242742.5,70119.3357182689,5892.0
2020-12-26,South America,0.0,0.0,8338.0,3959.0,205.822002075688,433.0
2020-12-27,Asia,0.0,0.0,441106.0,246812.0,8614.94668747336,72874.0
2020-12-27,Europe,0.0,0.0,2457749.0,406661.684090909,28902.0685678504,38410.0
2020-12-27,North America,0.0,0.0,2042883.0,218843.0,4990.50170625636,9123.0
2020-12-27,South America,0.0,0.0,8494.0,2743.0,142.604130258553,442.0
2020-12-28,Asia,0.0,0.0,578914.0,265227.772727273,10762.01520373,88651.0
2020-12-28,Europe,0.0,0.0,2672725.0,314271.552525253,39187.2721006044,44233.0
2020-12-28,North America,0.0,0.0,2137113.0,223838.0,5004.0403099101,12365.0
2020-12-28,South America,0.0,0.0,8571.0,2057.0,106.940100598558,446.0
2020-12-29,Asia,0.0,0.0,737412.0,280363.0,12158.9691588602,106498.0
2020-12-29,Europe,0.0,0.0,2933812.0,237942.5,8600.49841133105,53054.0
2020-12-29,North America,0.0,0.0,2479980.0,245587.0,5093.88383840267,16384.0
2020-12-29,South America,0.0,0.0,8610.0,1646.0,85.5728758314177,447.0
2020-12-30,Asia,0.0,0.0,892953.0,293020.0,13432.4169704773,124143.0
2020-12-30,Europe,0.0,0.0,3254505.0,288110.395238095,145238.234346058,80301.0
2020-12-30,North America,0.0,0.0,2820367.0,266425.0,5176.49142106279,20384.0
2020-12-30,South America,0.0,0.0,8630.0,17028.0,415.445323476083,448.0
2020-12-31,Asia,0.0,0.0,1053747.0,303668.0,13935.6492958724,142364.0
2020-12-31,Europe,0.0,0.0,3523241.0,341716.75,26494.892133204,85648.0
2020-12-31,North America,0.0,0.0,3301411.0,290441.0,5259.23856500869,24795.0
2020-12-31,South America,0.0,0.0,8639.0,16832.0,405.255600716084,448.0
2021-01-01,Asia,0.0,0.0,1125972.0,352709.0,14434.1751524181,150576.0
2021-01-01,Europe,0.0,0.0,3743508.0,261235.0,11029.1960328473,89510.0
2021-01-01,North America,0.0,0.0,3782454.0,315237.0,5356.18732285207,29205.0
2021-01-01,South America,0.0,0.0,8644.0,11563.0,268.947729517963,449.0
2021-01-02,Asia,0.0,0.0,1198623.0,402698.0,15013.2253555744,158851.0
2021-01-02,Europe,0.0,0.0,4027037.0,268004.0,10824.356333925,95539.0
2021-01-02,North America,0.0,0.0,4263498.0,339420.0,5436.99679141498,33616.0
2021-01-02,South America,0.0,0.0,8647.0,8820.0,195.183063018541,450.0
2021-01-03,Asia,0.0,0.0,1350047.0,453674.0,15642.5220236073,175723.0
2021-01-03,Europe,44004.0,646.0,4225154.0,261529.0,10521.490643705,100324.0
2021-01-03,North America,0.0,0.0,4436238.0,351049.0,5478.45391835644,37099.0
2021-01-03,South America,0.0,0.0,8649.0,168252.0,8525.08636579911,450.0
2021-01-04,Asia,1.0,0.0,1504555.0,500778.0,15918.1423335879,193110.0
2021-01-04,Europe,149546.0,2195.0,4780739.0,314886.666666667,12080.0522103004,113998.0
2021-01-04,North America,0.0,0.0,4608977.0,364802.0,5609.017283286,40582.0
2021-01-04,South America,0.0,0.0,9054.0,6541.0,145.510997017335,471.0
2021-01-05,Asia,2.0,0.0,1633508.0,624815.4,23958.8893231189,208359.0
2021-01-05,Europe,255088.0,3743.0,5369656.0,423438.75,14586.4387370788,131702.0
2021-01-05,North America,0.0,0.0,4886658.0,356584.0,5636.04943992295,44383.0
2021-01-05,South America,0.0,0.0,10497.0,8248.0,189.212428674545,546.0
2021-01-06,Asia,2.0,0.0,1746128.0,690016.55,26947.8922457646,225626.0
2021-01-06,Europe,360630.0,5292.0,5937645.0,462792.0,17182.3472092037,154884.0
2021-01-06,North America,0.0,0.0,5362130.0,378126.0,5781.68770890378,48782.0
2021-01-06,South America,0.0,0.0,10600.0,8466.0,194.874292229427,551.0
2021-01-07,Asia,5.0,0.0,1866950.0,687104.0,19245.0690926415,240970.0
2021-01-07,Europe,466172.0,6841.0,6560490.0,520754.5,20100.5502421752,179285.0
2021-01-07,North America,2173.0,57.0,6197436.0,401104.0,5960.61452600249,59332.0
2021-01-07,South America,0.0,0.0,10651.0,8656.0,199.050472619671,554.0
2021-01-08,Asia,8.0,1.0,1939805.0,680968.0,19978.180426053,252091.0
2021-01-08,Europe,571714.0,8390.0,7211729.0,600606.25,24021.3759808738,202791.0
2021-01-08,North America,4053.0,107.0,7014839.0,448712.0,6257.38008861049,65696.0
2021-01-08,South America,0.0,0.0,10676.0,10812.0,246.439130100543,555.0
2021-01-09,Africa,0.0,0.0,0.0,2254.0,22816.3054591098,0.0
2021-01-09,Asia,30.0,3.0,1990656.0,683250.0,20847.9084135533,260731.0
2021-01-09,Europe,677256.0,9938.0,7727807.0,637571.0,24816.6282513805,215052.0
2021-01-09,North America,5880.0,131.0,7822484.0,495198.0,6554.2936469061,71893.0
2021-01-09,South America,0.0,0.0,10689.0,12235.0,277.71652323379,556.0
2021-01-10,Africa,0.0,0.0,500.0,500.0,5061.29224913705,5061.0
2021-01-10,Asia,5986.0,651.0,2034675.0,634197.0,19818.7373203621,268339.0
2021-01-10,Europe,782798.0,11487.0,8176970.0,703544.333333333,664187.735074178,237173.0
2021-01-10,North America,5882.0,143.0,8618906.0,622910.733333333,980704.116239642,77810.0
2021-01-10,South America,0.0,0.0,10696.0,13658.0,308.993916367037,556.0
2021-01-11,Africa,0.0,0.0,1000.0,500.0,5061.29224913705,10123.0
2021-01-11,Asia,25134.0,2733.0,2065560.0,588739.0,19139.3767494268,274160.0
2021-01-11,Europe,824334.0,12097.0,8832187.0,695419.0,57276.5293262728,285089.0
2021-01-11,North America,5884.0,155.0,9430949.0,672316.0,17427.4390408813,88613.0
2021-01-11,South America,0.0,0.0,10699.0,15023.0,337.255983377428,556.0
2021-01-12,Africa,0.0,0.0,1500.0,500.0,5061.29224913705,15184.0
2021-01-12,Asia,60707.0,6600.0,2100466.0,591813.285714286,22624.5674380662,281229.0
2021-01-12,Europe,856464.0,12568.0,9730954.0,730698.25,59217.8154265713,343557.0
2021-01-12,North America,6046.0,159.0,9806339.0,683864.0,17522.3401229692,97865.0
2021-01-12,South America,0.0,0.0,10702.0,14085.0,310.457092352309,556.0
2021-01-13,Africa,0.0,0.0,2000.0,500.0,5061.29224913705,20245.0
2021-01-13,Asia,117233.0,12746.0,2180226.0,554411.833333333,21821.3088953113,291154.0
2021-01-13,Europe,875954.0,12854.0,10853995.0,798900.0,59607.0450577563,406051.0
2021-01-13,North America,16320.0,430.0,10108751.0,766577.0,17862.3431621966,107131.0
2021-01-13,South America,1029.0,53.0,10703.0,13470.0,300.480457013255,556.0
2021-01-14,Africa,0.0,0.0,3000.0,600.0,6073.55069896446,30368.0
2021-01-14,Asia,185870.0,20209.0,2268154.0,873141.0,26644.017420568,304058.0
2021-01-14,Europe,886582.0,13010.0,12070844.0,879525.75,61022.5504821443,471870.0
2021-01-14,North America,1363224.0,4594.0,10463914.0,823004.0,18153.6255785774,117084.0
2021-01-14,South America,5825.0,303.0,12821.0,14455.0,351.779038174305,667.0
2021-01-15,Africa,0.0,0.0,4000.0,667.0,6751.76386034882,40490.0
2021-01-15,Asia,221720.0,24106.0,2334265.0,953180.5,28455.3948434439,316839.0
2021-01-15,Europe,895458.0,13140.0,13321417.0,960699.75,62648.040338871,536245.0
2021-01-15,North America,1639078.0,5570.0,11522526.0,886917.0,18440.8422999945,133842.0
2021-01-15,South America,8297.0,431.0,13778.0,14942.0,377.187405383929,716.0
2021-01-16,Africa,0.0,0.0,7000.0,1000.0,10122.5844982741,70858.0
2021-01-16,Asia,247674.0,26928.0,2591399.0,1096590.0,28804.0606490794,330246.0
2021-01-16,Europe,901138.0,13225.0,14230024.0,1010461.25,62327.6358487083,577914.0
2021-01-16,North America,1744756.0,5946.0,12353440.0,905297.0,18504.3590215909,145031.0
2021-01-16,South America,8330.0,433.0,13801.0,15164.3333333333,372.857420438994,717.0
2021-01-17,Africa,0.0,0.0,8325.0,1118.0,11317.0494690704,84274.0
2021-01-17,Asia,332530.0,36210.0,2719350.0,1064092.5,31397.4417185837,342059.0
2021-01-17,Europe,927962.0,14327.0,14895350.0,1065740.88095238,149188.169019284,621778.0
2021-01-17,North America,1851525.0,6333.0,13138038.0,919078.0,18317.818344831,154157.0
2021-01-17,South America,8347.0,434.0,13913.0,14374.0,363.155396364542,718.0
2021-01-18,Africa,0.0,0.0,9651.0,1236.0,12511.5144398668,97690.0
2021-01-18,Asia,453935.0,49520.0,3045169.0,1176389.0,33586.6142723259,352655.0
2021-01-18,Europe,977779.0,17277.0,15834310.0,1066290.75,61759.8934063175,679570.0
2021-01-18,North America,1958562.0,6692.0,13950333.0,934663.0,18146.2025059973,163832.0
2021-01-18,South America,8364.0,434.0,25955.0,16047.0,439.604788874679,1297.0
2021-01-19,Africa,0.0,0.0,10976.0,1354.0,13705.9794106631,111105.0
2021-01-19,Asia,592651.0,64709.0,3364660.0,1270456.0,35919.6054839001,363298.0
2021-01-19,Europe,1056627.0,23184.0,17046915.0,1121237.0,60871.4046570037,733612.0
2021-01-19,North America,2070381.0,7229.0,14739282.0,1021686.66666667,20882.2292332702,173314.0
2021-01-19,South America,8366.0,435.0,55672.0,21736.0,591.100001527913,2352.0
2021-01-20,Africa,0.0,0.0,13163.0,1595.0,16145.5222747472,133244.0
2021-01-20,Asia,737450.0,80578.0,3598624.0,1332190.0,37242.2777295725,374162.0
2021-01-20,Europe,1169599.0,31182.0,18318482.0,1161704.0,58422.6173485011,772354.0
2021-01-20,North America,2226835.0,8145.0,15444311.0,979434.0,18010.0844984754,182370.0
2021-01-20,South America,12760.0,532.0,325593.0,25886.0,660.503546218244,8269.0
2021-01-21,Africa,0.0,0.0,15026.0,1718.0,17390.6001680349,152107.0
2021-01-21,Asia,901631.0,98460.0,3934222.0,1377896.0,37895.762078461,386134.0
2021-01-21,Europe,1301155.0,39335.0,19719231.0,1287836.5,1042835.75355101,847818.0
2021-01-21,North America,2477456.0,9229.0,16307028.0,989760.0,17959.7040077561,192243.0
2021-01-21,South America,24718.0,794.0,442464.0,185020.0,8544.2053310984,9061.0
2021-01-22,Africa,0.0,0.0,16890.0,1841.0,18635.6780613226,170970.0
2021-01-22,Asia,972872.0,106237.0,4347897.0,1420626.0,37532.0404401165,394714.0
2021-01-22,Europe,1391330.0,45340.0,21214915.0,1249545.0,64981.7375887493,920718.0
2021-01-22,North America,2852613.0,10681.0,17586967.0,1046725.0,17943.0368009789,203316.0
2021-01-22,South America,33512.0,988.0,557426.0,58533.0,766.811612380184,9712.0
2021-01-23,Africa,0.0,0.0,18353.0,1622.0,16418.8320562006,185780.0
2021-01-23,Asia,1028750.0,113814.0,4608890.0,1469698.0,37592.4070256908,404283.0
2021-01-23,Europe,1500119.0,51661.0,22521596.0,1319338.0,69839.4667691029,984210.0
2021-01-23,North America,3134861.0,11805.0,18754529.0,1120874.0,17841.2411097491,213520.0
2021-01-23,South America,37554.0,1076.0,854318.0,94459.0,943.914386648884,11208.0
2021-01-24,Africa,0.0,0.0,19121.0,107627.666666667,16631.7744028877,193554.0
2021-01-24,Asia,1171596.0,129877.0,4739067.0,1527628.0,38250.2388774244,416663.0
2021-01-24,Europe,1587030.0,59938.0,23213644.0,1371275.0,78223.9224725811,1022509.0
2021-01-24,North America,3331996.0,12593.0,19887375.0,1184267.0,18223.9356380376,225117.0
2021-01-24,South America,40353.0,1138.0,923001.0,103303.0,975.788096289955,11579.0
2021-01-25,Africa,0.0,0.0,19889.0,13164.0,23828.9589183738,201328.0
2021-01-25,Asia,1313010.0,145763.0,5260140.0,1603992.0,38709.2151836028,430610.0
2021-01-25,Europe,1812031.0,78856.0,24271170.0,1394402.33333333,115407.946614481,1131067.0
2021-01-25,North America,3477807.0,13400.0,20663396.0,1184714.0,18369.7635296922,235682.0
2021-01-25,South America,42030.0,1217.0,1019564.0,114226.0,941.448159186777,12063.0
2021-01-26,Africa,0.0,0.0,22742.0,1926.0,17001.246343222,229927.0
2021-01-26,Asia,1441076.0,160177.0,5447351.0,1669867.04166667,39650.5452724576,444281.0
2021-01-26,Europe,2097326.0,94160.0,25379757.0,1404999.0,78930.0394719813,1189731.0
2021-01-26,North America,3631454.0,14464.0,21332800.0,1176054.0,18508.8827503179,245520.0
2021-01-26,South America,49272.0,1394.0,1175282.0,131854.0,908.527332712362,12941.0
2021-01-27,Africa,0.0,0.0,25646.0,2024.0,17993.2596240529,259053.0
2021-01-27,Asia,1567074.0,174307.0,5935130.0,1752871.0,39656.1083215485,457021.0
2021-01-27,Europe,2368268.0,116866.0,26642890.0,1415328.0,84550.7116685324,1262117.0
2021-01-27,North America,3919675.0,14837.0,22177883.0,1226761.75,221620.334680972,256834.0
2021-01-27,South America,56105.0,1545.0,1462214.0,168638.0,1025.54436218963,14406.0
2021-01-28,Africa,0.0,0.0,28868.0,17512.0,20327.4887885391,291388.0
2021-01-28,Asia,1703220.0,188891.0,6706719.0,1769036.33333333,42232.9017150275,470791.0
2021-01-28,Europe,2718811.0,142383.0,27983150.0,1428148.0,84364.2921373861,1369405.0
2021-01-28,North America,4392771.0,16746.0,23205771.0,1279509.0,20346.7969202143,267752.0
2021-01-28,South America,61846.0,1671.0,1787860.0,291513.5,9094.94736626298,16024.0
2021-01-29,Africa,0.0,0.0,30979.0,47245.0,21439.150310633,312486.0
2021-01-29,Asia,1774104.0,196344.0,7412909.0,1691781.0,41920.5836233258,479064.0
2021-01-29,Europe,3062999.0,166088.0,29365514.0,1447571.66666667,162247.374077817,1514531.0
2021-01-29,North America,4921262.0,18809.0,24382214.0,1286826.0,20389.7514079356,279059.0
2021-01-29,South America,75983.0,1982.0,1996120.0,213204.0,1199.12530284673,17052.0
2021-01-30,Africa,0.0,0.0,32415.0,47267.0,21358.8449732008,326742.0
2021-01-30,Asia,1826770.0,201426.0,7829877.0,1617051.0,42978.0460309472,487148.0
2021-01-30,Europe,3330472.0,183575.0,30815091.0,1482893.0,82360.5226248591,1551779.0
2021-01-30,North America,5417350.0,20790.0,25595724.0,1323398.0,20659.5446186192,290336.0
2021-01-30,South America,95761.0,2417.0,2266059.0,221355.0,1271.00574412294,18381.0
2021-01-31,Africa,0.0,0.0,33850.0,45998.0,22239.1506755203,340997.0
2021-01-31,Asia,1888438.0,208405.0,7990117.0,1521053.66666667,44522.5665849664,499217.0
2021-01-31,Europe,3527514.0,209529.0,31665915.0,1520699.0,82347.6444421863,1578315.0
2021-01-31,North America,5821367.0,22333.0,26736107.0,1354094.0,21374.4539692633,302774.0
2021-01-31,South America,100218.0,2515.0,2389452.0,222000.0,1274.85465448381,18984.0
2021-02-01,Africa,0.0,0.0,35286.0,54729.0,23389.6977969773,355253.0
2021-02-01,Asia,1940108.0,213311.0,8371818.0,1689798.0,44088.2337538538,512550.0
2021-02-01,Europe,3876359.0,255769.0,32646355.0,1544361.0,85931.7580269571,1610868.0
2021-02-01,North America,6099457.0,23538.0,27572805.0,1381993.0,22188.1950199104,314560.0
2021-02-01,South America,104674.0,2613.0,2451236.0,216000.0,1256.41277977914,19299.0
2021-02-02,Africa,0.0,0.0,36718.0,56274.0,21118.9772234259,367629.0
2021-02-02,Asia,1991206.0,217761.0,8748742.0,1886600.3,45057.7056978887,524470.0
2021-02-02,Europe,4313220.0,309323.0,33768000.0,1567615.0,88004.0917419386,1648956.0
2021-02-02,North America,6245826.0,24554.0,27999166.0,1343855.0,22790.7836680853,324993.0
2021-02-02,South America,113726.0,2812.0,2651065.0,220352.0,1366.9331703646,20902.0
2021-02-03,Africa,5.0,51.0,37748.0,56135.0,18157.433974392,375936.0
2021-02-03,Asia,2062660.0,223925.0,9233430.0,2069331.0,43884.4427491898,535216.0
2021-02-03,Europe,4816476.0,369027.0,35112220.0,1635645.33333333,173178.868859864,1697679.0
2021-02-03,North America,6637785.0,26437.0,28718849.0,1341316.0,23503.3128024197,336225.0
2021-02-03,South America,122772.0,3011.0,3052280.0,237269.0,2613.4437656591,30882.0
2021-02-04,Africa,532.0,5385.0,38143.0,54776.0,14537.4538031056,377808.0
2021-02-04,Asia,2146081.0,230832.0,9935298.0,2231170.0,44324.1318394527,548103.0
2021-02-04,Europe,5364648.0,434995.0,36520827.0,1673634.0,95259.5954736546,1750847.0
2021-02-04,North America,7151346.0,76978.0,29477985.0,1319103.0,574626.793204415,347629.0
2021-02-04,South America,158815.0,3866.0,3791605.0,300729.0,4196.30290330319,42831.0
2021-02-05,Africa,1059.0,10720.0,38538.0,56340.0,12602.1268507116,379680.0
2021-02-05,Asia,2199525.0,234559.0,10536638.0,2368284.0,43755.8612820079,552463.0
2021-02-05,Europe,5805891.0,495287.0,37866468.0,1681320.0,97108.0909129523,1793560.0
2021-02-05,North America,7748405.0,84294.0,30494632.0,1300750.0,35287.952200705,369912.0
2021-02-05,South America,168276.0,4094.0,3966973.0,293902.0,5310.07543246781,51714.0
2021-02-06,Africa,1586.0,16054.0,38932.0,58330.0,11644.7465815336,381553.0
2021-02-06,Asia,2238763.0,237550.0,10593278.0,2517447.0,44196.4168013523,556824.0
2021-02-06,Europe,6068537.0,533842.0,39193889.0,1662621.0,100471.160676634,1833477.0
2021-02-06,North America,8588326.0,117987.0,31845966.0,1377243.0,36839.9548846955,393156.0
2021-02-06,South America,179033.0,4297.0,4324252.0,295481.0,5491.7166930564,54789.0
2021-02-07,Africa,2783.0,28171.0,39222.0,59350.0,11481.3738143888,382364.0
2021-02-07,Asia,2309840.0,245567.0,10728944.0,2674503.0,43042.707464689,571309.0
2021-02-07,Europe,6227558.0,544744.0,39915741.0,1639186.0,97585.6131983254,1855373.0
2021-02-07,North America,9431342.0,125960.0,33180795.0,1468221.0,37006.6831963553,415099.0
2021-02-07,South America,214702.0,4775.0,4479285.0,316123.5,1164857.85679582,56128.0
2021-02-08,Africa,3980.0,40288.0,39512.0,54930.0,11171.8706172931,383175.0
2021-02-08,Asia,2407804.0,253332.0,11373650.0,2613424.75,45050.521931931,587632.0
2021-02-08,Europe,6543761.0,579322.0,40929471.0,1641968.0,97636.5193301031,1897718.0
2021-02-08,North America,9819293.0,132644.0,33953930.0,1521871.0,7562122.6815351,435476.0
2021-02-08,South America,239908.0,5578.0,4749754.0,346560.0,60643.80041106,121220.0
2021-02-09,Africa,6700.0,67821.0,39748.0,56265.0,13408.5991280373,383445.0
2021-02-09,Asia,2525833.0,261383.0,11940079.0,2506868.5,45370.9055143611,607239.0
2021-02-09,Europe,6927980.0,628371.0,42126255.0,1647682.0,98329.0208337757,1943276.0
2021-02-09,North America,10165466.0,139279.0,34493670.0,1519324.0,39782.6378353178,464011.0
2021-02-09,South America,268134.0,6642.0,5203625.0,418230.0,63415.27589566,188222.0
2021-02-10,Africa,10335.0,104617.0,39978.0,68073.0,17804.4599240091,383653.0
2021-02-10,Asia,2656140.0,269968.0,12735157.0,2295876.0,46266.8722929292,624645.0
2021-02-10,Europe,9133257.0,681724.0,43492503.0,1648028.0,98693.4078837203,2014861.0
2021-02-10,North America,10817532.0,152114.0,35421313.0,1587121.0,40302.0586303526,491746.0
2021-02-10,South America,300829.0,7316.0,5790736.0,431364.0,63875.7974454454,257835.0
2021-02-11,Africa,13867.0,140370.0,40432.0,77922.0,22490.952205626,386120.0
2021-02-11,Asia,2807538.0,280742.0,13509296.0,2165919.0,46788.5429152973,640363.0
2021-02-11,Europe,9636796.0,747191.0,45127351.0,1665686.0,100342.814910201,2079634.0
2021-02-11,North America,11560518.0,168163.0,36375910.0,1636425.66666667,125770.10202035,520481.0
2021-02-11,South America,346555.0,7886.0,6357214.0,414917.0,68410.4322998151,326957.0
2021-02-12,Africa,14024.0,141959.0,42582.0,106731.0,25263.7786663074,405769.0
2021-02-12,Asia,3230082.0,291669.0,17259364.0,2118312.0,47576.6345546741,688759.0
2021-02-12,Europe,10082030.0,806919.0,46799935.0,1704867.0,103224.141495247,2142891.0
2021-02-12,North America,12483717.0,184815.0,37501370.0,1701204.33333333,50255.1569870918,555537.0
2021-02-12,South America,389198.0,8326.0,6884696.0,464709.0,65436.8901308241,394692.0
2021-02-13,Africa,14181.0,143548.0,44733.0,138458.0,28114.989059819,425418.0
2021-02-13,Asia,3437058.0,299290.0,17730455.0,1996783.0,48070.8237274528,702642.0
2021-02-13,Europe,10321982.0,853947.0,48220883.0,1706527.0,106010.928096346,2193756.0
2021-02-13,North America,13503389.0,194401.0,38737376.0,1702662.33333333,49373.8724027264,590813.0
2021-02-13,South America,468841.0,8891.0,7297623.0,477542.0,65452.2743308939,452074.0
2021-02-14,Africa,15311.0,154987.0,44965.0,155038.0,28378.6415234687,425642.0
2021-02-14,Asia,3606842.0,309941.0,18278029.0,1928120.0,48502.1901120591,719258.0
2021-02-14,Europe,10564651.0,894084.0,49465857.0,1708443.0,110330.587973336,2278034.0
2021-02-14,North America,14515309.0,203814.0,39992174.0,1713422.66666667,61094.9423501759,710224.0
2021-02-14,South America,487470.0,9028.0,7404113.0,463287.0,65185.7409803843,506434.0
2021-02-15,Africa,16441.0,166425.0,45196.0,211619.0,31676.6201243401,425866.0
2021-02-15,Asia,3883045.0,322099.0,19229668.0,1831208.0,49322.0957947386,768420.0
2021-02-15,Australia/Oceania,0.0,0.0,0.0,14791.5,575.233181094131,0.0
2021-02-15,Europe,10866265.0,922048.0,50462421.0,1691690.0,108784.345710048,2317018.0
2021-02-15,North America,14994946.0,211485.0,40701180.0,1898469.33333333,400155.411027274,755882.0
2021-02-15,South America,511236.0,9141.0,7714997.0,465489.0,65344.6089182641,574261.0
2021-02-16,Africa,18176.0,183988.0,49601.0,218425.666666667,28437.6244180783,426432.0
2021-02-16,Asia,4226408.0,335732.0,20191318.0,1780014.0,51434.8651104354,789023.0
2021-02-16,Australia/Oceania,0.0,0.0,0.0,14452.0,562.030215540843,0.0
2021-02-16,Europe,11229470.0,962308.0,51738899.0,1707589.2,117099.271568103,2364097.0
2021-02-16,North America,15482299.0,219053.0,41568419.0,1793816.83333333,146466.830647817,794862.0
2021-02-16,South America,579303.0,9465.0,8191618.0,789263.5,65036.9567298154,596037.0
2021-02-17,Africa,19512.0,197512.0,55152.0,201874.0,24943.2569587738,427188.0
2021-02-17,Asia,4601249.0,348125.0,21237100.0,1857381.0,52322.1911417322,810386.0
2021-02-17,Australia/Oceania,0.0,0.0,0.0,12793.0,497.512631290756,0.0
2021-02-17,Europe,11693689.0,1015196.0,53393793.0,1712031.0,108488.092782502,2430512.0
2021-02-17,North America,15968090.0,226629.0,42305256.0,1955727.0,110681.508349848,837059.0
2021-02-17,South America,853581.0,10857.0,8385664.0,1283399.5,80910.5256957258,614877.0
2021-02-18,Africa,22925.0,209221.0,57390.0,228164.0,23662.4612123137,432421.0
2021-02-18,Asia,4964539.0,361090.0,22704673.0,1962011.0,54058.0170696243,834645.0
2021-02-18,Australia/Oceania,0.0,0.0,0.0,32731.1666666667,4699.16698344856,0.0
2021-02-18,Europe,12175857.0,1077428.0,55097862.0,1717263.0,110278.978343199,2511353.0
2021-02-18,North America,16838740.0,234919.0,43173479.0,1740328.0,74666.6096197796,881706.0
2021-02-18,South America,1024917.0,11756.0,8733143.0,439500.0,44574.258720354,633499.0
2021-02-19,Africa,32990.0,218877.0,2424276.0,190593.0,21391.2673397598,504656.0
2021-02-19,Asia,5467978.0,368933.0,23604041.0,1979214.0,54002.8079499836,853048.0
2021-02-19,Australia/Oceania,0.0,0.0,30.0,12143.5,477.084736521144,6.0
2021-02-19,Europe,12566817.0,1127783.0,56568450.0,1679083.0,111451.319799098,2592371.0
2021-02-19,North America,17900181.0,243895.0,44262448.0,1757713.0,75149.549006532,929339.0
2021-02-19,South America,1206597.0,12801.0,9099634.0,437589.0,37586.5055716434,652295.0
2021-02-20,Africa,45489.0,219174.0,2523355.0,161672.0,18001.4489047948,510100.0
2021-02-20,Asia,5731164.0,374977.0,24211752.0,2011831.0,54404.7088711411,866646.0
2021-02-20,Australia/Oceania,0.0,0.0,100.0,14069.0,555.186888925388,20.0
2021-02-20,Europe,12770815.0,1145175.0,57768040.0,1642158.66666667,106654.195567303,2637038.0
2021-02-20,North America,18801072.0,260588.0,45190708.0,1697457.0,75837.2410586623,971113.0
2021-02-20,South America,1376818.0,13746.0,9294933.0,418906.0,31006.7684582734,664051.0
2021-02-21,Africa,55558.0,219394.0,2585236.0,147445.0,16352.5021288762,514533.0
2021-02-21,Asia,5947873.0,385700.0,24635681.0,2023603.66666667,57049.4596392471,885085.0
2021-02-21,Australia/Oceania,0.0,0.0,325.0,15112.5,605.107564045188,65.0
2021-02-21,Europe,12918334.0,1160947.0,58472460.0,1623936.0,109271.596392489,2703751.0
2021-02-21,North America,19791845.0,268149.0,46069182.0,1640317.0,63495.2448281656,1014851.0
2021-02-21,South America,1454959.0,14156.0,9382186.0,432053.5,26053.5462288135,673962.0
2021-02-22,Africa,69216.0,228673.0,2651161.0,165757.5,19808.9917645398,532652.0
2021-02-22,Asia,6286236.0,399849.0,25290498.0,1994165.5,55282.6017113084,906655.0
2021-02-22,Australia/Oceania,0.0,0.0,570.0,141.0,27.7050811925456,111.0
2021-02-22,Europe,13190233.0,1187928.0,59473221.0,1620252.0,114197.728617423,2778112.0
2021-02-22,North America,20400723.0,274984.0,46660037.0,1642133.0,67288.6290657895,1064443.0
2021-02-22,South America,1493685.0,14352.0,9566450.0,428673.0,55129.3896598432,681888.0
2021-02-23,Africa,86927.0,238045.0,2752843.0,120176.0,18674.9571418279,551814.0
2021-02-23,Asia,6675692.0,410561.0,26257667.0,2018611.66666667,56547.5518535308,933808.0
2021-02-23,Australia/Oceania,0.0,0.0,3654.0,566.0,46.9705461211891,267.0
2021-02-23,Europe,13549606.0,1221002.0,60893433.0,1640435.0,118625.268724681,2862839.0
2021-02-23,North America,20871856.0,284530.0,47175892.0,1589316.0,73333.6559023116,1122258.0
2021-02-23,South America,1618401.0,14977.0,9861212.0,387952.0,8501.35337872483,685851.0
2021-02-24,Africa,102568.0,239070.0,3052314.0,138967.0,20552.2541259652,582400.0
2021-02-24,Asia,7031089.0,420928.0,27189676.0,2008279.0,57598.9123460852,959177.0
2021-02-24,Australia/Oceania,0.0,0.0,7908.0,1154.0,71.7698571266801,469.0
2021-02-24,Europe,13945659.0,1263501.0,62730552.0,1793600.0,125012.245158925,2961724.0
2021-02-24,North America,21622755.0,295542.0,48008079.0,1643143.0,75090.507537338,1176106.0
2021-02-24,South America,1762363.0,15708.0,10121070.0,378910.0,8020.39556872255,687833.0
2021-02-25,Africa,119792.0,240125.0,3329157.0,157255.0,21573.6916216247,612454.0
2021-02-25,Asia,7644265.0,432089.0,28123316.0,2027773.5,58731.8567886681,982296.0
2021-02-25,Australia/Oceania,0.0,0.0,18625.0,2661.0,129.410086635633,905.0
2021-02-25,Europe,14373636.0,1299096.0,64694588.0,1687523.0,123096.191851732,3075978.0
2021-02-25,North America,22639326.0,308497.0,49046999.0,1692580.5,77168.6969582697,1233200.0
2021-02-25,South America,1928302.0,16586.0,10374352.0,364590.0,7678.45742610772,688824.0
2021-02-26,Africa,183619.0,241879.0,3525327.0,172970.0,22616.0160261961,639959.0
2021-02-26,Asia,8198897.0,439921.0,28920293.0,1984046.0,58246.4058031873,1000126.0
2021-02-26,Australia/Oceania,0.0,0.0,26250.0,3745.0,173.65958745806,1222.0
2021-02-26,Europe,14738837.0,1338435.0,66686060.0,1758373.0,126974.112002741,3194053.0
2021-02-26,North America,23747461.0,321570.0,50378800.0,1733770.0,78300.012309014,1293377.0
2021-02-26,South America,2099275.0,17630.0,10693797.0,356232.0,7338.26231366636,689319.0
2021-02-27,Africa,252758.0,243850.0,3650584.0,183982.0,25675.3291121453,665509.0
2021-02-27,Asia,8703992.0,446264.0,29438198.0,2018378.0,58811.4860266231,1015117.0
2021-02-27,Australia/Oceania,0.0,0.0,31375.0,4468.0,203.064866758152,1442.0
2021-02-27,Europe,14916471.0,1364479.0,68312985.0,1832075.0,627691.652838784,3284608.0
2021-02-27,North America,24844481.0,334332.0,51813695.0,1833682.0,78264.7151364727,1348080.0
2021-02-27,South America,2236116.0,18420.0,10913517.0,1177855.5,243834.736072707,689567.0
2021-02-28,Africa,291860.0,248306.0,3728824.0,189894.0,25963.9088042159,668011.0
2021-02-28,Asia,8806801.0,454750.0,29815214.0,2044140.5,59066.0308318184,1032255.0
2021-02-28,Australia/Oceania,0.0,0.0,33394.0,4724.0,210.766191599896,1540.0
2021-02-28,Europe,15044634.0,1380701.0,69204774.0,1839389.0,134169.138593676,3322874.0
2021-02-28,North America,25931887.0,346096.0,53283141.0,1941837.0,100590.704214817,1399718.0
2021-02-28,South America,2270361.0,18658.0,11054454.0,1224159.5,256907.839975404,689690.0
2021-03-01,Africa,330257.0,252749.0,3812750.0,286472.0,25971.9559937289,670871.0
2021-03-01,Asia,9205743.0,465354.0,30676860.0,2082884.0,58687.0324315131,1051213.0
2021-03-01,Australia/Oceania,0.0,0.0,37846.0,5325.0,289.692920914079,2139.0
2021-03-01,Europe,15274755.0,1405591.0,70421016.0,1864271.0,132854.400082793,3394012.0
2021-03-01,North America,26634325.0,356896.0,54378956.0,2017982.0,76897.9145592015,1453555.0
2021-03-01,South America,2280047.0,18758.0,11288848.0,365503.0,10521.9894526485,689752.0
2021-03-02,Africa,394310.0,256317.0,3946452.0,233300.0,21167.9364173739,676889.0
2021-03-02,Asia,9535208.0,475321.0,31976284.0,2159018.0,57939.5731818517,1074140.0
2021-03-02,Australia/Oceania,0.0,0.0,48694.0,6434.0,388.536513348997,2987.0
2021-03-02,Europe,15666611.0,1430473.0,71841135.0,1868750.0,133909.539101096,3492043.0
2021-03-02,North America,27344722.0,367774.0,55576023.0,2151037.0,76853.0070951243,1513398.0
2021-03-02,South America,2423315.0,20937.0,11839414.0,401465.0,11864.4122436495,689783.0
2021-03-03,Africa,468861.0,260121.0,4083938.0,214669.0,17936.7302949664,682968.0
2021-03-03,Asia,9941512.0,485439.0,33588190.0,2312016.0,57929.5508581782,1097779.0
2021-03-03,Australia/Oceania,0.0,0.0,60271.0,7480.0,484.769044345693,3863.0
2021-03-03,Europe,16280472.0,1470172.0,73570470.0,1884258.0,137109.498232082,3620066.0
2021-03-03,North America,28167155.0,378977.0,56845086.0,2222290.0,78149.1087244855,1572951.0
2021-03-03,South America,2719661.0,29950.0,12413102.0,467549.0,14514.5135954858,689799.0
2021-03-04,Africa,529681.0,261851.0,4211042.0,202565.5,15509.438060981,695385.0
2021-03-04,Asia,10491613.0,496702.0,35149987.0,2444131.0,57934.3902413395,1119188.0
2021-03-04,Australia/Oceania,0.0,0.0,71663.0,7576.0,513.783605921354,4503.0
2021-03-04,Europe,16974920.0,1537082.0,75965858.0,1983916.0,144011.061223022,3750744.0
2021-03-04,North America,29017846.0,387610.0,58220258.0,2243985.0,78976.2556458513,1631650.0
2021-03-04,South America,3072060.0,40116.0,12963254.0,534342.0,16188.3150307019,689807.0
2021-03-05,Africa,625229.0,269249.0,4321490.0,185554.5,12958.3818156406,700980.0
2021-03-05,Asia,10937951.0,503345.0,36723443.0,2583807.0,57759.8039744083,1137061.0
2021-03-05,Australia/Oceania,0.0,0.0,83746.0,8213.0,563.837355609912,5170.0
2021-03-05,Europe,17543866.0,1578011.0,78174260.0,2076458.5,152468.542557753,3877016.0
2021-03-05,North America,29934215.0,396409.0,59948923.0,2275070.0,81713.0012092849,1703836.0
2021-03-05,South America,3421606.0,50320.0,13518594.0,592316.0,17969.1410392929,689810.0
2021-03-06,Africa,706108.0,276321.0,4477628.0,189358.0,11464.198170264,711539.0
2021-03-06,Asia,11492038.0,622193.0,38356578.0,2744036.0,57135.6355131194,1153195.0
2021-03-06,Australia/Oceania,0.0,0.0,90043.0,8381.0,595.651957008362,5612.0
2021-03-06,Europe,17946617.0,1612808.0,80094900.0,2117896.0,147838.284550602,3991457.0
2021-03-06,North America,31013098.0,406438.0,61951777.0,2356810.0,84121.7667448401,1770987.0
2021-03-06,South America,3474720.0,52163.0,13755322.0,581224.0,18587.6041389631,689812.0
2021-03-07,Africa,742800.0,282221.0,4574743.0,283633.0,15157.4591843614,718303.0
2021-03-07,Asia,11605155.0,632336.0,38825345.0,2803899.0,56714.68580737,1169458.0
2021-03-07,Australia/Oceania,0.0,0.0,95673.0,8897.0,641.161110810238,6028.0
2021-03-07,Europe,18155810.0,1635014.0,81079834.0,2142673.0,154305.385536021,4069760.0
2021-03-07,North America,31927132.0,415954.0,63590715.0,2356228.0,86773.858433258,1831535.0
2021-03-07,South America,3499967.0,52789.0,13927462.0,579341.0,18746.6168969809,689813.0
2021-03-08,Africa,779759.0,288125.0,4646658.0,189159.0,12736.6067054746,723097.0
2021-03-08,Asia,12075102.0,642735.0,41190965.0,3021486.0,57067.6752455344,1179819.0
2021-03-08,Australia/Oceania,0.0,0.0,101921.0,9154.0,618.467298963665,6468.0
2021-03-08,Europe,18491091.0,1655234.0,82377475.0,2169196.0,152421.231281051,4136143.0
2021-03-08,North America,32744985.0,425376.0,64866690.0,2369554.0,88630.2265696152,1890241.0
2021-03-08,South America,3731580.0,64215.0,14223605.0,613956.0,20831.8730574741,689814.0
2021-03-09,Africa,850898.0,291634.0,4776411.0,245449.0,15503.9959633429,740206.0
2021-03-09,Asia,12609289.0,654589.0,42703153.0,3124929.0,55276.941965793,1185000.0
2021-03-09,Australia/Oceania,0.0,0.0,111684.0,8999.0,579.751037020024,7045.0
2021-03-09,Europe,18936166.0,1680715.0,83906666.0,2192298.0,155360.419312226,4258410.0
2021-03-09,North America,33359604.0,433914.0,66362122.0,2475346.5,119574.729014719,1957740.0
2021-03-09,South America,3985713.0,76808.0,14597213.0,604919.0,22652.4764353296,689814.0
2021-03-10,Africa,1010055.0,297338.0,4930271.0,201439.0,16155.8814992096,757664.0
2021-03-10,Asia,13085772.0,666271.0,44488654.0,3132214.0,55889.0438637496,1187590.0
2021-03-10,Australia/Oceania,0.0,0.0,124200.0,9133.0,552.273823809521,7729.0
2021-03-10,Europe,19807717.0,1720603.0,85715755.0,2240409.0,157528.047604317,4405569.0
2021-03-10,North America,34167060.0,443050.0,68271793.0,2454238.0,90223.9359157586,1993706.0
2021-03-10,South America,4265045.0,90769.0,15003586.0,586997.0,23837.3749512751,689814.0
2021-03-11,Africa,1137129.0,302092.0,5044166.0,208387.0,16313.289292385,768250.0
2021-03-11,Asia,13357351.0,677813.0,45412744.0,2992420.0,57156.8668444932,1190180.0
2021-03-11,Australia/Oceania,0.0,0.0,144286.0,10375.0,602.023750092162,8717.0
2021-03-11,Europe,20605321.0,1756644.0,87608378.0,2183514.0,148318.088795022,4487073.0
2021-03-11,North America,35132657.0,453104.0,70322033.0,2558191.0,87198.7646476232,2011689.0
2021-03-11,South America,4665755.0,104549.0,15663138.0,615109.0,25668.4604799047,689814.0
2021-03-12,Africa,1397312.0,310033.0,5143974.0,325351.666666667,24499.0903920549,774636.0
2021-03-12,Asia,14058479.0,687657.0,47467207.0,3114403.0,59057.6594103448,1207439.0
2021-03-12,Australia/Oceania,0.0,0.0,155674.0,10276.0,599.622934675366,9367.0
2021-03-12,Europe,21306637.0,1817095.0,89662448.0,2180831.0,150512.580771672,4612547.0
2021-03-12,North America,36275176.0,463664.0,72611107.0,2644461.0,76873.5772351877,2020680.0
2021-03-12,South America,5080248.0,117972.0,16391853.0,647416.0,27401.781957315,689814.0
2021-03-13,Africa,1644521.0,317695.0,5234769.0,245176.0,15979.3874245596,780608.0
2021-03-13,Asia,14649881.0,695340.0,49167661.0,3169079.0,62317.2829672167,1229352.0
2021-03-13,Australia/Oceania,0.0,0.0,181151.0,13016.0,707.629245048803,10564.0
2021-03-13,Europe,21804910.0,1854056.0,91667928.0,2209330.0,147576.536830022,4706291.0
2021-03-13,North America,38209882.0,479908.0,75866692.0,2900917.0,76014.3422995735,2025176.0
2021-03-13,South America,5251061.0,122088.0,16825051.0,692296.0,27755.5798509897,689814.0
2021-03-14,Africa,1793594.0,322713.0,5270740.0,244640.0,15188.2818280034,784437.0
2021-03-14,Asia,14828460.0,706766.0,49508859.0,3186944.0,66024.7214276767,1251272.0
2021-03-14,Australia/Oceania,0.0,0.0,182437.0,12860.0,702.850704845684,10821.0
2021-03-14,Europe,21959447.0,1873911.0,92737733.0,2236270.0,144602.505380865,4737606.0
2021-03-14,North America,38743399.0,491920.0,77011153.0,2763614.0,74880.3560007404,2027424.0
2021-03-14,South America,5305312.0,123198.0,16992310.0,700899.0,27898.6830645659,689814.0
2021-03-15,Africa,1942667.0,327731.0,5370414.0,264246.0,15545.9287152947,792770.0
2021-03-15,Asia,15693200.0,714306.0,52487201.0,3439939.0,68702.0959867271,1263385.0
2021-03-15,Australia/Oceania,0.0,0.0,183723.0,12470.0,689.133061811784,11079.0
2021-03-15,Europe,22113984.0,1892752.0,92799923.0,2244267.0,148596.849858238,4768921.0
2021-03-15,North America,39627172.0,498494.0,78500744.0,2812266.0,75115.6215979099,2028548.0
2021-03-15,South America,5721191.0,138654.0,17615049.0,779915.0,28245.3562517178,689814.0
2021-03-16,Africa,2145808.0,333936.0,5429913.0,271556.0,13944.7302501517,796130.0
2021-03-16,Asia,16410862.0,718075.0,54199091.0,3659558.0,52077.1297661393,1269441.0
2021-03-16,Australia/Oceania,0.0,0.0,185008.0,13781.0,741.566359591264,11336.0
2021-03-16,Europe,22673059.0,1945891.0,94420300.0,2284029.0,152403.016790822,4872980.0
2021-03-16,North America,40342183.0,501781.0,79171851.0,2770659.0,59518.2857979791,2029110.0
2021-03-16,South America,6117097.0,151889.0,18115004.0,831499.0,27713.3735280768,689814.0
2021-03-17,Africa,2312103.0,339134.0,5489779.0,270579.0,12383.2303242317,799447.0
2021-03-17,Asia,17400486.0,721845.0,56419802.0,3956784.0,55576.187931414,1272469.0
2021-03-17,Australia/Oceania,0.0,0.0,185651.0,15194.0,797.966380453029,11464.0
2021-03-17,Europe,23454120.0,2008467.0,96159610.0,2266835.0,151624.696205874,4978929.0
2021-03-17,North America,41309920.0,503425.0,81019856.0,2794719.5,64002.7409144003,2029391.0
2021-03-17,South America,6501626.0,164702.0,18707498.0,866410.0,26811.660914843,689814.0
2021-03-18,Africa,2439182.0,341219.0,5505452.0,251804.0,10774.7769365068,800768.0
2021-03-18,Asia,18195001.0,726429.0,58635726.0,4348907.0,58919.6031926759,1273983.0
2021-03-18,Australia/Oceania,0.0,0.0,185973.0,14437.0,561.446873911096,11528.0
2021-03-18,Europe,23829971.0,2011118.0,97423302.0,2271683.0,147932.313003017,4990958.0
2021-03-18,North America,42334959.0,504247.0,83208517.0,2819861.0,59664.1060291619,2029531.0
2021-03-18,South America,6790061.0,175483.0,19348418.0,843818.0,26635.9126530724,689814.0
2021-03-19,Africa,2487257.0,342261.0,5513288.0,207125.0,6466.32915102367,801428.0
2021-03-19,Asia,19198251.0,737353.0,61477517.0,4629317.0,60668.2225028013,1274740.0
2021-03-19,Australia/Oceania,0.0,0.0,186133.0,15093.0,586.958347852058,11560.0
2021-03-19,Europe,24273393.0,2012444.0,99598347.0,2327390.0,140852.756500274,4996972.0
2021-03-19,North America,43325844.0,504658.0,85351531.0,2783689.0,58250.8088891424,2029601.0
2021-03-19,South America,7061706.0,185440.0,19958669.0,810402.0,26268.9911782088,689814.0
2021-03-20,Africa,2511294.0,342782.0,5517206.0,170008.0,5478.81292796013,801758.0
2021-03-20,Asia,19735606.0,740514.0,64319326.0,4880968.0,59884.60330011,1275119.0
2021-03-20,Australia/Oceania,0.0,0.0,186214.0,13505.0,525.201913982777,11577.0
2021-03-20,Europe,24716815.0,2013107.0,100191284.0,2336599.0,118622.406258536,4999979.0
2021-03-20,North America,44464209.0,504863.0,87812048.0,2589837.0,35606.170212277,2029637.0
2021-03-20,South America,7126856.0,187071.0,20251002.0,780465.0,25558.1601759536,689814.0
2021-03-21,Africa,2523312.0,343042.0,5519165.0,154891.0,5062.27352983644,801923.0
2021-03-21,Asia,19798093.0,742095.0,64418361.0,3374781.0,56585.6010162569,1275308.0
2021-03-21,Australia/Oceania,0.0,0.0,186254.0,13495.0,524.813019562945,11585.0
2021-03-21,Europe,24839173.0,2013438.0,100775577.0,2370654.0,120905.309397594,5001483.0
2021-03-21,North America,45600593.0,504966.0,90089790.0,2835113.0,35839.2580047963,2029654.0
2021-03-21,South America,7143176.0,187359.0,20324159.0,774842.0,25518.9638970955,689814.0
2021-03-22,Africa,2535331.0,343303.0,5521124.0,122381.0,3603.901001368,802088.0
2021-03-22,Asia,20508695.0,743676.0,68115130.0,3417559.0,50921.043799517,1275497.0
2021-03-22,Australia/Oceania,0.0,0.0,186294.0,16772.0,652.253720941809,11593.0
2021-03-22,Europe,24961530.0,2013769.0,101359869.0,559289.0,62427.6375375146,5002987.0
2021-03-22,North America,46398639.0,505069.0,91517596.0,2831683.0,27663.9826195964,2029672.0
2021-03-22,South America,7159496.0,187648.0,20397316.0,683076.0,23112.5927080028,689814.0
